accuracy,precision,recall,f1,roc_auc
0.703016241299304,0.7397260273972602,0.3312883435582822,0.4576271186440678,0.7262498855416171
