feature,mean_abs_shap
sex_x_time,0.0728504195825078
class,0.06547238612905534
time_to_sink_min,0.04145315486129269
age,0.04045465202300174
sex_male,0.03768277234713466
